{"1": {"aug": null, "drop": 0.3813995435791039, "batch": 64, "aug_val": null, "lr": 0.0008301451461243862, "model": "basic"}, "0": {"aug": null, "drop": 0.20006862489040694, "batch": 64, "aug_val": null, "lr": 0.0008301451461243862, "model": "basic"}, "2": {"aug": null, "drop": 0.20006862489040694, "batch": 64, "aug_val": null, "lr": 0.11022280376700401, "model": "basic"}, "3": {"aug": null, "drop": 0.38139954357910388, "batch": 64, "aug_val": null, "lr": 0.11022280376700401, "model": "basic"}}